URL,Source,Medium,Campaign Name,Term,Content,Final URL,Bit.ly (Not Instant),Deal ID Number,Notes
https://leveredge.org/,referral,up_partner,gpsaunm,helene,campaign_1_email,https://leveredge.org/?utm_source=referral&utm_medium=up_partner&utm_campaign=gpsaunm&utm_term=helene&utm_content=campaign_1_email,https://bit.ly/2K9bte5,,
https://leveredge.org/,referral,up_partner,gpsaunm,helene,campaign_1_PDF,https://leveredge.org/?utm_source=referral&utm_medium=up_partner&utm_campaign=gpsaunm&utm_term=helene&utm_content=campaign_1_PDF,https://bit.ly/2XFqSLm,,
https://leveredge.org/,twitter,up_partner,gpsaunm,helene,campaign_1,https://leveredge.org/?utm_source=twitter&utm_medium=up_partner&utm_campaign=gpsaunm&utm_term=helene&utm_content=campaign_1,https://bit.ly/3adt1QW,,
https://leveredge.org/,facebook,up_partner,gpsaunm,helene,campaign_1,https://leveredge.org/?utm_source=facebook&utm_medium=up_partner&utm_campaign=gpsaunm&utm_term=helene&utm_content=campaign_1,https://bit.ly/2K8zguL,,
https://leveredge.org/,referral,up_partner,gpsaunm,helene,signature,https://leveredge.org/?utm_source=referral&utm_medium=up_partner&utm_campaign=gpsaunm&utm_term=helene&utm_content=signature,https://bit.ly/3bt1fRO,,
https://app.leveredge.org/refinance-campaign,email,organic,liscrape,full_pitch_v1,post_jd_debt_subj,https://app.leveredge.org/refinance-campaign?utm_source=email&utm_medium=organic&utm_campaign=liscrape&utm_term=full_pitch_v1&utm_content=post_jd_debt_subj,https://bit.ly/34DVlLd,,
https://app.leveredge.org/refinance-campaign,email,organic,liscrape,full_pitch_v1,harvard_beta_subj,https://app.leveredge.org/refinance-campaign?utm_source=email&utm_medium=organic&utm_campaign=liscrape&utm_term=full_pitch_v1&utm_content=harvard_beta_subj,https://bit.ly/2wNLm9E,,
https://app.leveredge.org/refinance-campaign,email,organic,liscrape,full_pitch_v1,collective_barg_subj,https://app.leveredge.org/refinance-campaign?utm_source=email&utm_medium=organic&utm_campaign=liscrape&utm_term=full_pitch_v1&utm_content=collective_barg_subj,https://bit.ly/2VecCYc,,
https://app.leveredge.org/refinance-campaign,email,organic,liscrape,full_pitch_v1,collective_barg_subj,https://app.leveredge.org/refinance-campaign?utm_source=email&utm_medium=organic&utm_campaign=liscrape&utm_term=full_pitch_v1&utm_content=collective_barg_subj,https://bit.ly/2VecCYc,,
https://leveredge.org/,referral,p_partner,forte,site,general_blurb,https://leveredge.org/?utm_source=referral&utm_medium=p_partner&utm_campaign=forte&utm_term=site&utm_content=general_blurb,https://bit.ly/3aeN2X6,,
https://leveredge.org/,referral,organic,kickoff,landing,first_logo,https://leveredge.org/?utm_source=referral&utm_medium=organic&utm_campaign=kickoff&utm_term=landing&utm_content=first_logo,https://bit.ly/2ypnlWD,,
https://leveredge.org/,referral,organic,kickoff,landing,first_text,https://leveredge.org/?utm_source=referral&utm_medium=organic&utm_campaign=kickoff&utm_term=landing&utm_content=first_text,https://bit.ly/2VeZEcP,,
https://leveredge.org/,referral,organic,kickoff,landing,join_here_button,https://leveredge.org/?utm_source=referral&utm_medium=organic&utm_campaign=kickoff&utm_term=landing&utm_content=join_here_button,https://bit.ly/2wIMMC8,,
https://leveredge.org/,referral,organic,kickoff,thankyou,first_logo,https://leveredge.org/?utm_source=referral&utm_medium=organic&utm_campaign=kickoff&utm_term=thankyou&utm_content=first_logo,https://bit.ly/2KaKNJX,,
https://leveredge.org/,referral,organic,kickoff,thankyou,join_button,https://leveredge.org/?utm_source=referral&utm_medium=organic&utm_campaign=kickoff&utm_term=thankyou&utm_content=join_button,https://bit.ly/2z8ns9C,,
https://leveredge.org/,referral,organic,kickoff,thankyou,footer,https://leveredge.org/?utm_source=referral&utm_medium=organic&utm_campaign=kickoff&utm_term=thankyou&utm_content=footer,https://bit.ly/3evkUCF,,
https://leveredge.org/,referral,organic,kickoff,thankyou,how_does_work,https://leveredge.org/?utm_source=referral&utm_medium=organic&utm_campaign=kickoff&utm_term=thankyou&utm_content=how_does_work,https://bit.ly/2ykygkv,,
https://app.leveredge.org/refinance-campaign,email,organic,liscrape,full_pitch_v1,harvard_beta_subj_hls,https://app.leveredge.org/refinance-campaign?utm_source=email&utm_medium=organic&utm_campaign=liscrape&utm_term=full_pitch_v1&utm_content=harvard_beta_subj_hls,https://bit.ly/2RJv4G7,,
https://leveredge.org/,referral,organic,mba_pdf,v1,2020,https://leveredge.org/?utm_source=referral&utm_medium=organic&utm_campaign=mba_pdf&utm_term=v1&utm_content=2020,https://bit.ly/2KrKquw,,
https://leveredge.org/,email,up_partner,penn_state,helene,campaign_1,https://leveredge.org/?utm_source=email&utm_medium=up_partner&utm_campaign=penn_state&utm_term=helene&utm_content=campaign_1,https://bit.ly/3cphdfV,1893188145,
https://leveredge.org/,email,up_partner,asu,helene,campaign_1,https://leveredge.org/?utm_source=email&utm_medium=up_partner&utm_campaign=asu&utm_term=helene&utm_content=campaign_1,https://bit.ly/2yn0z1S,1893396054,
https://leveredge.org/,email,up_partner,columbia_university,helene,campaign_1,https://leveredge.org/?utm_source=email&utm_medium=up_partner&utm_campaign=columbia_university&utm_term=helene&utm_content=campaign_1,https://bit.ly/2VGQB3r,1889460875,
https://leveredge.org/,email,up_partner,URI,Nick,campaign_1,https://leveredge.org/?utm_source=email&utm_medium=up_partner&utm_campaign=URI&utm_term=Nick&utm_content=campaign_1,https://bit.ly/3aqeBNm,,
https://leveredge.org/,email,up_partner,Suny_Downstate_Medical_Center,Helene,campaign_1,https://leveredge.org/?utm_source=email&utm_medium=up_partner&utm_campaign=Suny_Downstate_Medical_Center&utm_term=Helene&utm_content=campaign_1,https://bit.ly/2VKX0uq,1907789598,
https://leveredge.org/,email,std_grp_prspct,april_prsp,helene_Nick,campaign_1,https://leveredge.org/?utm_source=email&utm_medium=std_grp_prspct&utm_campaign=april_prsp&utm_term=helene_Nick&utm_content=campaign_1,https://bit.ly/3cGe7Ex,,
https://leveredge.org/,email,up_partner,ColumbiaSMA,Nick,campaign_1,https://leveredge.org/?utm_source=email&utm_medium=up_partner&utm_campaign=ColumbiaSMA&utm_term=Nick&utm_content=campaign_1,https://bit.ly/3bs4BET,2014736000,
https://app.leveredge.org/refinance-campaign,email,p_partner,ada,max,1,https://app.leveredge.org/refinance-campaign?utm_source=email&utm_medium=p_partner&utm_campaign=ada&utm_term=max&utm_content=1,https://bit.ly/3eDRFh0,,
https://app.leveredge.org/refinance-campaign,email,p_partner,ada,space,1,https://app.leveredge.org/refinance-campaign?utm_source=email&utm_medium=p_partner&utm_campaign=ada&utm_term=space&utm_content=1,https://bit.ly/2XVTq3i,,
https://leveredge.org/,email,p_partner,clearadmit,campaign2,email1,https://leveredge.org/?utm_source=email&utm_medium=p_partner&utm_campaign=clearadmit&utm_term=campaign2&utm_content=email1,https://bit.ly/2ytJhjI,,
https://leveredge.org/,email,cfp,cfp_2020,nick,campaign_1,https://leveredge.org/?utm_source=email&utm_medium=cfp&utm_campaign=cfp_2020&utm_term=nick&utm_content=campaign_1,https://bit.ly/34YdH9Z,,
https://leveredge.org/leveredge-w-scholarship-2020,email,cfp,scholarship,nick,campaign_1,https://leveredge.org/leveredge-w-scholarship-2020?utm_source=email&utm_medium=cfp&utm_campaign=scholarship&utm_term=nick&utm_content=campaign_1,https://bit.ly/2Krb2Mq,,
https://leveredge.org/leveredge-w-scholarship-2020,facebook,std_grp_prspct,scholarship,helene_nick,personal_network,https://leveredge.org/leveredge-w-scholarship-2020?utm_source=facebook&utm_medium=std_grp_prspct&utm_campaign=scholarship&utm_term=helene_nick&utm_content=personal_network,https://bit.ly/2S5hEUP,,
https://app.leveredge.org/refinance-campaign,email,up_partner,rutgers,helene,campaign_1,https://app.leveredge.org/refinance-campaign?utm_source=email&utm_medium=up_partner&utm_campaign=rutgers&utm_term=helene&utm_content=campaign_1,https://bit.ly/3cEzNRi,1919150459,
https://leveredge.org/leveredge-w-scholarship-2020,email,std_grp_prspct,scholarship,helene_nick,std_gvt,https://leveredge.org/leveredge-w-scholarship-2020?utm_source=email&utm_medium=std_grp_prspct&utm_campaign=scholarship&utm_term=helene_nick&utm_content=std_gvt,https://bit.ly/2S2Iugz,,
https://leveredge.org/,email,std_grp_prspct,University_of_Michigan,helene,campaign_1,https://leveredge.org/?utm_source=email&utm_medium=std_grp_prspct&utm_campaign=University_of_Michigan&utm_term=helene&utm_content=campaign_1,https://bit.ly/2VvZ9Lj,,
https://leveredge.org/,email,std_grp_prspct,Brandeis,helene,abigail_werner,https://leveredge.org/?utm_source=email&utm_medium=std_grp_prspct&utm_campaign=Brandeis&utm_term=helene&utm_content=abigail_werner,https://bit.ly/2VVIU9B,,
https://leveredge.org/,email,up_partner,Temple_law,helene,campaign_1,https://leveredge.org/?utm_source=email&utm_medium=up_partner&utm_campaign=Temple_law&utm_term=helene&utm_content=campaign_1,https://bit.ly/3eFPd9T,1920011402,
https://leveredge.org/,email,p_partner,forte,launch_email,text,https://leveredge.org/?utm_source=email&utm_medium=p_partner&utm_campaign=forte&utm_term=launch_email&utm_content=text,https://bit.ly/2yIntRa,,
https://app.leveredge.org/search-mba-scholarships,email,p_partner,forte,launch_email,scholarships,https://app.leveredge.org/search-mba-scholarships?utm_source=email&utm_medium=p_partner&utm_campaign=forte&utm_term=launch_email&utm_content=scholarships,https://bit.ly/2KGIgaN,,
https://app.leveredge.org/search-mba-scholarships,email,p_partner,forte,connect_post,scholarships,https://app.leveredge.org/search-mba-scholarships?utm_source=email&utm_medium=p_partner&utm_campaign=forte&utm_term=connect_post&utm_content=scholarships,https://bit.ly/3bOXd6I,,
https://leveredge.org/,email,p_partner,forte,connect_post,text,https://leveredge.org/?utm_source=email&utm_medium=p_partner&utm_campaign=forte&utm_term=connect_post&utm_content=text,https://bit.ly/3eF6EXY,,
https://leveredge.org/,email,p_partner,socal_financial_planning,nick,campaign_1,https://leveredge.org/?utm_source=email&utm_medium=p_partner&utm_campaign=socal_financial_planning&utm_term=nick&utm_content=campaign_1,https://bit.ly/2S2glpI,1888821734,Sylvia Carthuers
https://leveredge.org/,email,p_partner,way_to_the_quad,nick,campaign_1,https://leveredge.org/?utm_source=email&utm_medium=p_partner&utm_campaign=way_to_the_quad&utm_term=nick&utm_content=campaign_1,https://bit.ly/2Y1EoJf,1889164001,Peg Keough
https://app.leveredge.org/refinance-campaign,email,organic,hls,how_negotiate,2,https://app.leveredge.org/refinance-campaign?utm_source=email&utm_medium=organic&utm_campaign=hls&utm_term=how_negotiate&utm_content=2,https://bit.ly/350YODy,,
https://app.leveredge.org/refinance-campaign,email,organic,hls,seat_table,3,https://app.leveredge.org/refinance-campaign?utm_source=email&utm_medium=organic&utm_campaign=hls&utm_term=seat_table&utm_content=3,https://bit.ly/3cNzjbQ,,
https://app.leveredge.org/refinance-campaign,email,organic,gwl,how_negotiate,2,https://app.leveredge.org/refinance-campaign?utm_source=email&utm_medium=organic&utm_campaign=gwl&utm_term=how_negotiate&utm_content=2,https://bit.ly/2S42oHL,,
https://app.leveredge.org/refinance-campaign,email,organic,gwl,seat_table,3,https://app.leveredge.org/refinance-campaign?utm_source=email&utm_medium=organic&utm_campaign=gwl&utm_term=seat_table&utm_content=3,https://bit.ly/2KuXnUB,,
https://leveredge.org/,email,organic,generic_pdf,faq,1,https://leveredge.org/?utm_source=email&utm_medium=organic&utm_campaign=generic_pdf&utm_term=faq&utm_content=1,https://bit.ly/34ZWlJM,,
https://leveredge.org/,email,organic,generic_pdf,overview,1,https://leveredge.org/?utm_source=email&utm_medium=organic&utm_campaign=generic_pdf&utm_term=overview&utm_content=1,https://bit.ly/2KxjLwM,,
https://leveredge.org/,email,up_partner,cfc_member_email,nick,1_leveredge,https://leveredge.org/?utm_source=email&utm_medium=up_partner&utm_campaign=cfc_member_email&utm_term=nick&utm_content=1_leveredge,https://bit.ly/2yJgesp,2014020108,College Funding
https://leveredge.org/,email,up_partner,cfc_member_email,nick,2_add_your_email,https://leveredge.org/?utm_source=email&utm_medium=up_partner&utm_campaign=cfc_member_email&utm_term=nick&utm_content=2_add_your_email,https://bit.ly/3aJQ1at,2014020108,College Funding
https://leveredge.org/,email,up_partner,cfc_member_email,nick,3_learn_more,https://leveredge.org/?utm_source=email&utm_medium=up_partner&utm_campaign=cfc_member_email&utm_term=nick&utm_content=3_learn_more,https://bit.ly/2VIxkQj,2014020108,College Funding
https://leveredge.org/,twitter,cpc,jona_ad,experiment,50,https://leveredge.org/?utm_source=twitter&utm_medium=cpc&utm_campaign=jona_ad&utm_term=experiment&utm_content=50,https://bit.ly/35hFMcs,,
https://leveredge.org/,referral,up_partner,cfc_blog_post,nick,1_partner_intro,https://leveredge.org/?utm_source=referral&utm_medium=up_partner&utm_campaign=cfc_blog_post&utm_term=nick&utm_content=1_partner_intro,https://bit.ly/2VYQ250,2014020108,College Funding
https://leveredge.org/,referral,up_partner,cfc_blog_post,nick,2_add_voice,https://leveredge.org/?utm_source=referral&utm_medium=up_partner&utm_campaign=cfc_blog_post&utm_term=nick&utm_content=2_add_voice,https://bit.ly/357OpGq,2014020108,College Funding
https://leveredge.org/,referral,up_partner,cfc_blog_post,nick,3_final_leveredge,https://leveredge.org/?utm_source=referral&utm_medium=up_partner&utm_campaign=cfc_blog_post&utm_term=nick&utm_content=3_final_leveredge,https://bit.ly/2KBLyfd,2014020108,College Funding
https://leveredge.org/,email,up_partner,Columbia_TBA,nick,campaign_1,https://leveredge.org/?utm_source=email&utm_medium=up_partner&utm_campaign=Columbia_TBA&utm_term=nick&utm_content=campaign_1,https://bit.ly/2SgboKh,,Business Technology Association
https://leveredge.org/,twitter,up_partner,cfc_social,nick,1_post,https://leveredge.org/?utm_source=twitter&utm_medium=up_partner&utm_campaign=cfc_social&utm_term=nick&utm_content=1_post,https://bit.ly/3aPAINj,2014020108,
https://leveredge.org/,facebook,up_partner,cfc_social,nick,1_post,https://leveredge.org/?utm_source=facebook&utm_medium=up_partner&utm_campaign=cfc_social&utm_term=nick&utm_content=1_post,https://bit.ly/2xk2T9G,2014020108,
https://leveredge.org/,email,std_grp_prspct,ucla_anderson,helene,campaign_1,https://leveredge.org/?utm_source=email&utm_medium=std_grp_prspct&utm_campaign=ucla_anderson&utm_term=helene&utm_content=campaign_1,https://bit.ly/2YqepeX,1943035996,
https://leveredge.org/,email,std_grp_prspct,northwestern_med,helene,campaign_1,https://leveredge.org/?utm_source=email&utm_medium=std_grp_prspct&utm_campaign=northwestern_med&utm_term=helene&utm_content=campaign_1,https://bit.ly/2KHnI1R,1942579961,
https://leveredge.org/,facebook,std_grp_prspct,RIC,helene,campaign_1,https://leveredge.org/?utm_source=facebook&utm_medium=std_grp_prspct&utm_campaign=RIC&utm_term=helene&utm_content=campaign_1,https://bit.ly/3cTZ9L9,1943122146,
https://leveredge.org/,email,up_partner,Hartford_Brothersandsisters,nick,campaign_2,https://leveredge.org/?utm_source=email&utm_medium=up_partner&utm_campaign=Hartford_Brothersandsisters&utm_term=nick&utm_content=campaign_2,https://bit.ly/2VNmV5N,2014711044,Brothers and Sisters United
https://leveredge.org/,email,up_partner,high_school_guidance_counselors,nick_helene,campaign_1,https://leveredge.org/?utm_source=email&utm_medium=up_partner&utm_campaign=high_school_guidance_counselors&utm_term=nick_helene&utm_content=campaign_1,https://bit.ly/2YofrYR,,
https://leveredge.org/leveredge-w-scholarship-2020,email,up_partner,high_school_guidance_counselors,nick_helene,2020_scholarship,https://leveredge.org/leveredge-w-scholarship-2020?utm_source=email&utm_medium=up_partner&utm_campaign=high_school_guidance_counselors&utm_term=nick_helene&utm_content=2020_scholarship,https://bit.ly/3cXDuS9,,
https://leveredge.org/,instagram,organic,bio,suraiya,2020,https://leveredge.org/?utm_source=instagram&utm_medium=organic&utm_campaign=bio&utm_term=suraiya&utm_content=2020,https://bit.ly/2WuqA7C,,instagram.com/leveredge
https://leveredge.org/,twitter,organic,bio,suraiya,2020,https://leveredge.org/?utm_source=twitter&utm_medium=organic&utm_campaign=bio&utm_term=suraiya&utm_content=2020,https://bit.ly/35xj7IZ,,twitter.com/get_leveredge
https://leveredge.org/,email,up_partner,PCOM,helene,campaign_1,https://leveredge.org/?utm_source=email&utm_medium=up_partner&utm_campaign=PCOM&utm_term=helene&utm_content=campaign_1,https://bit.ly/35j5DjW,1926690994,
https://app.leveredge.org/financial-aid-tracker,email,up_partner,forte,launch_email,fin_aid,https://app.leveredge.org/financial-aid-tracker?utm_source=email&utm_medium=up_partner&utm_campaign=forte&utm_term=launch_email&utm_content=fin_aid,https://bit.ly/3d5Z8E9,,
https://app.leveredge.org/financial-aid-tracker,email,up_partner,forte,connect_post,fin_aid,https://app.leveredge.org/financial-aid-tracker?utm_source=email&utm_medium=up_partner&utm_campaign=forte&utm_term=connect_post&utm_content=fin_aid,https://bit.ly/2yez7nd,,
https://leveredge.org/,email,p_partner,Higheredhustle,nick,campaign_1,https://leveredge.org/?utm_source=email&utm_medium=p_partner&utm_campaign=Higheredhustle&utm_term=nick&utm_content=campaign_1,https://bit.ly/35gvRns,2014698359,Higher Ed Hustle
https://leveredge.org/,email,up_partner,university_of_chicago_law_school,helene,campaign_1,https://leveredge.org/?utm_source=email&utm_medium=up_partner&utm_campaign=university_of_chicago_law_school&utm_term=helene&utm_content=campaign_1,https://bit.ly/2Yk9lZj,1951160417,
https://leveredge.org/,email,up_partner,cuny_grad_student_council,helene,campaign_1,https://leveredge.org/?utm_source=email&utm_medium=up_partner&utm_campaign=cuny_grad_student_council&utm_term=helene&utm_content=campaign_1,https://bit.ly/2WgiXBH,1955475873,
https://leveredge.org/,email,up_partner,kellogg,helene,campaign_1,https://leveredge.org/?utm_source=email&utm_medium=up_partner&utm_campaign=kellogg&utm_term=helene&utm_content=campaign_1,https://bit.ly/3fbyQ56,1956134156,
https://leveredge.org/,email,up_partner,uconn_bmes,helene,campaign_1,https://leveredge.org/?utm_source=email&utm_medium=up_partner&utm_campaign=uconn_bmes&utm_term=helene&utm_content=campaign_1,https://bit.ly/3fhtS6Z,1969659228,
https://leveredge.org/,email,up_partner,nyu_law,helene,campaign_1,https://leveredge.org/?utm_source=email&utm_medium=up_partner&utm_campaign=nyu_law&utm_term=helene&utm_content=campaign_1,https://bit.ly/2WFGX1g,1951334768,
https://scholarships.leveredge.org/wl,email,up_partner,women_in_business,helene,scholarship,https://scholarships.leveredge.org/wl?utm_source=email&utm_medium=up_partner&utm_campaign=women_in_business&utm_term=helene&utm_content=scholarship,https://bit.ly/3bn3QMn,,
https://leveredge.org/,email,up_partner,nyu_stern,helene,campaign_1,https://leveredge.org/?utm_source=email&utm_medium=up_partner&utm_campaign=nyu_stern&utm_term=helene&utm_content=campaign_1,https://bit.ly/3fM5CKo,1990431383,
https://leveredge.org/,email,up_partner,enric_cprg,nick,campaign_1,https://leveredge.org/?utm_source=email&utm_medium=up_partner&utm_campaign=enric_cprg&utm_term=nick&utm_content=campaign_1,https://bit.ly/3fLgJmS,2013894856,Enric - CPRG
https://leveredge.org/,email,p_partner,the_admission_concierge,nick,campaign_1,https://leveredge.org/?utm_source=email&utm_medium=p_partner&utm_campaign=the_admission_concierge&utm_term=nick&utm_content=campaign_1,https://bit.ly/3cqkPyC,2006302435,Loubna
https://leveredge.org/,email,p_partner,colleen_tpr,nick,campaign_1,https://leveredge.org/?utm_source=email&utm_medium=p_partner&utm_campaign=colleen_tpr&utm_term=nick&utm_content=campaign_1,https://bit.ly/2Ls13XK,2014636447,Colleen TPR
https://leveredge.org/,email,up_partner,Gies,nick,campaign_1,https://leveredge.org/?utm_source=email&utm_medium=up_partner&utm_campaign=Gies&utm_term=nick&utm_content=campaign_1,https://bit.ly/2zDeu4q,,
https://leveredge.org/,referral,organic,juno,scholarship,first_page_intro,https://leveredge.org/?utm_source=referral&utm_medium=organic&utm_campaign=juno&utm_term=scholarship&utm_content=first_page_intro,https://bit.ly/2zEWyX5,,
https://leveredge.org/,email,up_partner,northwestern_law,tyler,general,https://leveredge.org/?utm_source=email&utm_medium=up_partner&utm_campaign=northwestern_law&utm_term=tyler&utm_content=general,https://bit.ly/364O5bU,,
https://scholarships.leveredge.org/wl,email,up_partner,Northwestern_law,tyler,scholarship,https://scholarships.leveredge.org/wl?utm_source=email&utm_medium=up_partner&utm_campaign=Northwestern_law&utm_term=tyler&utm_content=scholarship,https://bit.ly/2X3xm4H,,
https://leveredge.org/,email,up_partner,Emory_mba,helene,campaign_1,https://leveredge.org/?utm_source=email&utm_medium=up_partner&utm_campaign=Emory_mba&utm_term=helene&utm_content=campaign_1,https://bit.ly/3bJROwP,2004133726,
https://leveredge.org/,email,up_partner,collegeplanning_101,nick,campaign_1,https://leveredge.org/?utm_source=email&utm_medium=up_partner&utm_campaign=collegeplanning_101&utm_term=nick&utm_content=campaign_1,https://bit.ly/3dVFKtO,2014636538,Stephanie Mauro
https://leveredge.org/,email,up_partner,hfminvestadvisors,nick,campaign_1,https://leveredge.org/?utm_source=email&utm_medium=up_partner&utm_campaign=hfminvestadvisors&utm_term=nick&utm_content=campaign_1,https://bit.ly/2zOdf2m,,
https://leveredge.org/,email,up_partner,james_brewer,nick,campaign_1,https://leveredge.org/?utm_source=email&utm_medium=up_partner&utm_campaign=james_brewer&utm_term=nick&utm_content=campaign_1,https://bit.ly/2ThXpUN,2014681780,James Brewer
https://leveredge.org/,email,up_partner,hbs_asia_business,helene,campaign_1,https://leveredge.org/?utm_source=email&utm_medium=up_partner&utm_campaign=hbs_asia_business&utm_term=helene&utm_content=campaign_1,https://bit.ly/36iAvlq,1988337023,
https://leveredge.org/,email,up_partner,university_at_buffalo_alumni_association,helene,campaign_1,https://leveredge.org/?utm_source=email&utm_medium=up_partner&utm_campaign=university_at_buffalo_alumni_association&utm_term=helene&utm_content=campaign_1,https://bit.ly/2LGuMMF,2008978898,
https://leveredge.org/,email,up_partner,Yale_som,helene,campaign_1,https://leveredge.org/?utm_source=email&utm_medium=up_partner&utm_campaign=Yale_som&utm_term=helene&utm_content=campaign_1,https://bit.ly/3e0yfSh,2009067571,
https://leveredge.org/,email,up_partner,UVA_Law,tyler,campaign_1,https://leveredge.org/?utm_source=email&utm_medium=up_partner&utm_campaign=UVA_Law&utm_term=tyler&utm_content=campaign_1,https://bit.ly/2XcgBo1,1997787709,
https://leveredge.org/,email,up_partner,Forster_thomas_admission_counselor,helene,campaign_1,https://leveredge.org/?utm_source=email&utm_medium=up_partner&utm_campaign=Forster_thomas_admission_counselor&utm_term=helene&utm_content=campaign_1,https://bit.ly/2WQxIwJ,2013329350,
https://leveredge.org/,email,up_partner,UW_foster_tech_club,helene,campaign_1,https://leveredge.org/?utm_source=email&utm_medium=up_partner&utm_campaign=UW_foster_tech_club&utm_term=helene&utm_content=campaign_1,https://bit.ly/2zj7NVc,1997297435,
https://leveredge.org/,email,up_partner,kellogg_african_american_club,helene,campaign_1,https://leveredge.org/?utm_source=email&utm_medium=up_partner&utm_campaign=kellogg_african_american_club&utm_term=helene&utm_content=campaign_1,https://bit.ly/2ZqjJ2b,2013652521,
https://leveredge.org/,email,up_partner,Columbia_Law_BLSA,tyler,campaign_1,https://leveredge.org/?utm_source=email&utm_medium=up_partner&utm_campaign=Columbia_Law_BLSA&utm_term=tyler&utm_content=campaign_1,https://bit.ly/2AGSohS,2013701693,
https://leveredge.org/,email,up_partner,USC_marshall,helene,campaign_1,https://leveredge.org/?utm_source=email&utm_medium=up_partner&utm_campaign=USC_marshall&utm_term=helene&utm_content=campaign_1,https://bit.ly/2ZmfmFn,1997800309,
https://leveredge.org/,email,up_partner,UVA_Darden,helene,campaign_1,https://leveredge.org/?utm_source=email&utm_medium=up_partner&utm_campaign=UVA_Darden&utm_term=helene&utm_content=campaign_1,https://bit.ly/3g2c0gN,1988402356,
https://leveredge.org/,email,up_partner,Emory_Law,tyler,campaign_1,https://leveredge.org/?utm_source=email&utm_medium=up_partner&utm_campaign=Emory_Law&utm_term=tyler&utm_content=campaign_1,https://bit.ly/3cQSL7E,2013794957,
https://leveredge.org/,email,up_partner,CCFC,nick,campaign_1,https://leveredge.org/?utm_source=email&utm_medium=up_partner&utm_campaign=CCFC&utm_term=nick&utm_content=campaign_1,https://bit.ly/3bRwPIt,2017913047,
https://leveredge.org/,email,up_partner,Educational_Directions_Inc.,helene,admissions_counselor,https://leveredge.org/?utm_source=email&utm_medium=up_partner&utm_campaign=Educational_Directions_Inc.&utm_term=helene&utm_content=admissions_counselor,https://bit.ly/2yr2OS8,2017046038,
https://leveredge.org/,email,up_partner,Yale_medical_school,helene,campaign_1,https://leveredge.org/?utm_source=email&utm_medium=up_partner&utm_campaign=Yale_medical_school&utm_term=helene&utm_content=campaign_1,https://bit.ly/3gaouCY,1988122647,
https://leveredge.org/,email,p_partner,josh_lee_dental,helene,campaign_1,https://leveredge.org/?utm_source=email&utm_medium=p_partner&utm_campaign=josh_lee_dental&utm_term=helene&utm_content=campaign_1,https://bit.ly/3cW9Zkm,2018364086,
https://leveredge.org/,email,p_partner,admit_advantage,helene,campaign_1,https://leveredge.org/?utm_source=email&utm_medium=p_partner&utm_campaign=admit_advantage&utm_term=helene&utm_content=campaign_1,https://bit.ly/3e2ZFa4,2017094968,
https://leveredge.org/,email,up_partner,the_legacy_financial,nick,campaign_1,https://leveredge.org/?utm_source=email&utm_medium=up_partner&utm_campaign=the_legacy_financial&utm_term=nick&utm_content=campaign_1,https://bit.ly/2WRrfS9,,Jacob Murray
https://leveredge.org/,email,up_partner,getready4college,nick,campaign_1,https://leveredge.org/?utm_source=email&utm_medium=up_partner&utm_campaign=getready4college&utm_term=nick&utm_content=campaign_1,https://bit.ly/3bMjMYM,,Keith Wren
https://leveredge.org/,email,up_partner,uc_davis_cc,nick,campaign_1,https://leveredge.org/?utm_source=email&utm_medium=up_partner&utm_campaign=uc_davis_cc&utm_term=nick&utm_content=campaign_1,https://bit.ly/3bWRomB,,UC Davis CC
https://leveredge.org/,email,up_partner,International_Education_Foundation,nick,campaign_1,https://leveredge.org/?utm_source=email&utm_medium=up_partner&utm_campaign=International_Education_Foundation&utm_term=nick&utm_content=campaign_1,https://bit.ly/36l58qa,2006321152,
https://leveredge.org/,email,up_partner,Brigham_Young_University_Entrepreneurship_Association,helene,campaign_1,https://leveredge.org/?utm_source=email&utm_medium=up_partner&utm_campaign=Brigham_Young_University_Entrepreneurship_Association&utm_term=helene&utm_content=campaign_1,https://bit.ly/3gfj7T6,2016918832,
https://leveredge.org/,email,up_partner,scholarship_general_page,tyler,scholarship_general_page,https://leveredge.org/?utm_source=email&utm_medium=up_partner&utm_campaign=scholarship_general_page&utm_term=tyler&utm_content=scholarship_general_page,https://bit.ly/3e1nwXM,,
https://leveredge.org/,email,up_partner,law_scholarship_essay,tyler,law_scholarship_essay,https://leveredge.org/?utm_source=email&utm_medium=up_partner&utm_campaign=law_scholarship_essay&utm_term=tyler&utm_content=law_scholarship_essay,https://bit.ly/2ynIf9d,,
https://leveredge.org/,email,up_partner,negotiation_scholarship_essay,tyler,negotiation_scholarship_essay,https://leveredge.org/?utm_source=email&utm_medium=up_partner&utm_campaign=negotiation_scholarship_essay&utm_term=tyler&utm_content=negotiation_scholarship_essay,https://bit.ly/3e8ssKB,,
https://leveredge.org/,email,up_partner,law_scholarship_general,tyler,law_scholarship_general,https://leveredge.org/?utm_source=email&utm_medium=up_partner&utm_campaign=law_scholarship_general&utm_term=tyler&utm_content=law_scholarship_general,https://bit.ly/2Zp5lHB,,
https://leveredge.org/,email,up_partner,law_scholarship_database,tyler,law_scholarship_database,https://leveredge.org/?utm_source=email&utm_medium=up_partner&utm_campaign=law_scholarship_database&utm_term=tyler&utm_content=law_scholarship_database,https://bit.ly/2ZpyLoV,,
https://leveredge.org/,email,up_partner,mba_battle,final_email,promo,https://leveredge.org/?utm_source=email&utm_medium=up_partner&utm_campaign=mba_battle&utm_term=final_email&utm_content=promo,https://bit.ly/3bR0kKt,,
https://leveredge.org/,email,p_partner,cavalier_consulting_group,nick,campaign_1,https://leveredge.org/?utm_source=email&utm_medium=p_partner&utm_campaign=cavalier_consulting_group&utm_term=nick&utm_content=campaign_1,https://bit.ly/2WU75XB,,Ryan May
https://leveredge.org/,email,up_partner,uc_davis_cc,nick,campaign_1,https://leveredge.org/?utm_source=email&utm_medium=up_partner&utm_campaign=uc_davis_cc&utm_term=nick&utm_content=campaign_1,https://bit.ly/3bWRomB,2022126011,UC Davis
https://leveredge.org/,email,up_partner,andy_panyik,nick,campaign_1,https://leveredge.org/?utm_source=email&utm_medium=up_partner&utm_campaign=andy_panyik&utm_term=nick&utm_content=campaign_1,https://bit.ly/3emR2Yr,2022059498,Andy Panyik - Money Concepts
https://leveredge.org/,email,up_partner,kjell_christensen,nick,campaign_1,https://leveredge.org/?utm_source=email&utm_medium=up_partner&utm_campaign=kjell_christensen&utm_term=nick&utm_content=campaign_1,https://bit.ly/2zmfg66,2022009395,Ameriprise Financial
https://leveredge.org/,email,up_partner,don_roy,nick,campaign_1,https://leveredge.org/?utm_source=email&utm_medium=up_partner&utm_campaign=don_roy&utm_term=nick&utm_content=campaign_1,https://bit.ly/2WSqpV2,2022138384,New Wealth Advisors
https://leveredge.org/,email,up_partner,eric_roy,nick,campaign_1,https://leveredge.org/?utm_source=email&utm_medium=up_partner&utm_campaign=eric_roy&utm_term=nick&utm_content=campaign_1,https://bit.ly/3ebCZER,,
https://leveredge.org/,email,up_partner,aaron_bockman,nick,campaign_1,https://leveredge.org/?utm_source=email&utm_medium=up_partner&utm_campaign=aaron_bockman&utm_term=nick&utm_content=campaign_1,https://bit.ly/2WTZlVD,,
https://leveredge.org/,email,up_partner,justin_boucher,nick,campaign_1,https://leveredge.org/?utm_source=email&utm_medium=up_partner&utm_campaign=justin_boucher&utm_term=nick&utm_content=campaign_1,https://bit.ly/2XnUvPk,2023037134,Ameriprise Financial
https://leveredge.org/,email,up_partner,jonathan_howard,nick,campaign_1,https://leveredge.org/?utm_source=email&utm_medium=up_partner&utm_campaign=jonathan_howard&utm_term=nick&utm_content=campaign_1,https://bit.ly/2LSYeyZ,1984654598,Sea cure financial
https://leveredge.org/,email,up_partner,craig_meuer,nick,campaign_1,https://leveredge.org/?utm_source=email&utm_medium=up_partner&utm_campaign=craig_meuer&utm_term=nick&utm_content=campaign_1,https://bit.ly/2WVb1at,1984645596,New Era Financial
https://leveredge.org/,email,up_partner,yvette_allen,nick,campaign_1,https://leveredge.org/?utm_source=email&utm_medium=up_partner&utm_campaign=yvette_allen&utm_term=nick&utm_content=campaign_1,https://bit.ly/2WRJzdQ,1984647239,Goldstar Tax and Financial Solutions
https://leveredge.org/,email,up_partner,irina_andreason,nick,campaign_1,https://leveredge.org/?utm_source=email&utm_medium=up_partner&utm_campaign=irina_andreason&utm_term=nick&utm_content=campaign_1,https://bit.ly/2Zr8gPQ,1984638428,Andreason Financial
https://leveredge.org/,email,up_partner,andrew_holmes,nick,campaign_1,https://leveredge.org/?utm_source=email&utm_medium=up_partner&utm_campaign=andrew_holmes&utm_term=nick&utm_content=campaign_1,https://bit.ly/3bU8uBP,2231043155,FPS
https://leveredge.org/,email,up_partner,sean_smith,nick,campaign_1,https://leveredge.org/?utm_source=email&utm_medium=up_partner&utm_campaign=sean_smith&utm_term=nick&utm_content=campaign_1,https://bit.ly/3geEowd,2231213688,The College Project
https://leveredge.org/,email,up_partner,andre_lister,nick,campaign_1,https://leveredge.org/?utm_source=email&utm_medium=up_partner&utm_campaign=andre_lister&utm_term=nick&utm_content=campaign_1,https://bit.ly/2zoRTst,2231204567,Tallus Capital
https://leveredge.org/,email,up_partner,andrew_palomo,nick,campaign_1,https://leveredge.org/?utm_source=email&utm_medium=up_partner&utm_campaign=andrew_palomo&utm_term=nick&utm_content=campaign_1,https://bit.ly/2znwD6n,2228269375,Pillar Financial Advisors
https://leveredge.org/,email,up_partner,keith_wren,nick,campaign_1,https://leveredge.org/?utm_source=email&utm_medium=up_partner&utm_campaign=keith_wren&utm_term=nick&utm_content=campaign_1,https://bit.ly/2WVyloL,2236905211,GetReady4College
https://leveredge.org/,email,p_partner,robert_kim,nick,campaign_1,https://leveredge.org/?utm_source=email&utm_medium=p_partner&utm_campaign=robert_kim&utm_term=nick&utm_content=campaign_1,https://bit.ly/2LUB1fK,,
https://leveredge.org/,email,up_partner,Rush_medical_school,helene,campaign_1,https://leveredge.org/?utm_source=email&utm_medium=up_partner&utm_campaign=Rush_medical_school&utm_term=helene&utm_content=campaign_1,https://bit.ly/2LOxY92,1997747664,
https://leveredge.org/,email,up_partner,Greenhaus College Consulting,helene,campaign_1,https://leveredge.org/?utm_source=email&utm_medium=up_partner&utm_campaign=Greenhaus College Consulting&utm_term=helene&utm_content=campaign_1,https://bit.ly/2LODgRW,2017046757,
https://leveredge.org/,email,up_partner,crimson_college_consulting,helene,campaign_1,https://leveredge.org/?utm_source=email&utm_medium=up_partner&utm_campaign=crimson_college_consulting&utm_term=helene&utm_content=campaign_1,https://bit.ly/2Xl2VqO,2017091952,
https://leveredge.org/,email,up_partner,Indiana_Law_University,tyler,campaign_1,https://leveredge.org/?utm_source=email&utm_medium=up_partner&utm_campaign=Indiana_Law_University&utm_term=tyler&utm_content=campaign_1,https://bit.ly/3bSiqM4,,
https://leveredge.org/,email,up_partner,philip_held,nick,campaign_1,https://leveredge.org/?utm_source=email&utm_medium=up_partner&utm_campaign=philip_held&utm_term=nick&utm_content=campaign_1,https://bit.ly/2X1bwQm,2225811678,McDermid Capital
https://leveredge.org/,email,up_partner,Emory_ Law_LAWS,tyler,campaign_1,https://leveredge.org/?utm_source=email&utm_medium=up_partner&utm_campaign=Emory_ Law_LAWS&utm_term=tyler&utm_content=campaign_1,https://bit.ly/36ED41m,2226662644,
https://leveredge.org/,email,up_partner,UVA_BLSA,tyler,campaign_1,https://leveredge.org/?utm_source=email&utm_medium=up_partner&utm_campaign=UVA_BLSA&utm_term=tyler&utm_content=campaign_1,https://bit.ly/2ZCVC0e,1988320381,
https://leveredge.org/,email,up_partner,anderson_mca,helene,campaign_1,https://leveredge.org/?utm_source=email&utm_medium=up_partner&utm_campaign=anderson_mca&utm_term=helene&utm_content=campaign_1,https://bit.ly/2ZE0NgD,1988402354,
https://leveredge.org/,email,up_partner,NYU_BALSA,tyler,campaign_1,https://leveredge.org/?utm_source=email&utm_medium=up_partner&utm_campaign=NYU_BALSA&utm_term=tyler&utm_content=campaign_1,https://bit.ly/3goL0Z1,1997342319,
https://leveredge.org?grow=31ii8f2c,referral,organic,lawguide,tyler,campaign_1,https://leveredge.org?grow=31ii8f2c?utm_source=referral&utm_medium=organic&utm_campaign=lawguide&utm_term=tyler&utm_content=campaign_1,https://bit.ly/36LqDRv,,
https://leveredge.org?grow=31ii8f2c,email,up_partner,Scott_Deutsch_Associates_LLC,helene,campaign_1,https://leveredge.org?grow=31ii8f2c?utm_source=email&utm_medium=up_partner&utm_campaign=Scott_Deutsch_Associates_LLC&utm_term=helene&utm_content=campaign_1,https://bit.ly/2TIld4n,2226585209,
https://leveredge.org?grow=31ii8f2c,email,up_partner,nathan_daugherty,nick,campaign_1,https://leveredge.org?grow=31ii8f2c?utm_source=email&utm_medium=up_partner&utm_campaign=nathan_daugherty&utm_term=nick&utm_content=campaign_1,https://bit.ly/2Adx2Zg,2004221025,
https://leveredge.org?grow=31ii8f2c,email,up_partner,Jon_W_Tarrant_Associates,helene,campaign_1,https://leveredge.org?grow=31ii8f2c?utm_source=email&utm_medium=up_partner&utm_campaign=Jon_W_Tarrant_Associates&utm_term=helene&utm_content=campaign_1,https://bit.ly/3gr3iJ3,2200110551,
https://leveredge.org?grow=31ii8f2c,email,up_partner,college_funding_service_center,nick,campaign_1,https://leveredge.org?grow=31ii8f2c?utm_source=email&utm_medium=up_partner&utm_campaign=college_funding_service_center&utm_term=nick&utm_content=campaign_1,https://bit.ly/2B8kB1q,2237015588,Al Hoffman
https://leveredge.org?grow=31ii8f2c,email,up_partner,FSU_Law_WLS,tyler,campaign_1,https://leveredge.org?grow=31ii8f2c?utm_source=email&utm_medium=up_partner&utm_campaign=FSU_Law_WLS&utm_term=tyler&utm_content=campaign_1,https://bit.ly/2yCLSbk,,
https://leveredge.org/,email,up_partner,Cornell_economics_society,helene,campaign_1,https://leveredge.org/?utm_source=email&utm_medium=up_partner&utm_campaign=Cornell_economics_society&utm_term=helene&utm_content=campaign_1,https://bit.ly/2TITGjh,2226215939,
https://leveredge.org?grow=31ii8f2c,email,up_partner,Michigan_Law,tyler,campaign_1,https://leveredge.org?grow=31ii8f2c?utm_source=email&utm_medium=up_partner&utm_campaign=Michigan_Law&utm_term=tyler&utm_content=campaign_1,https://bit.ly/36CbbXN,,